{"services":[{"service_id":"TrafficLight","service_type":"TrafficLight","properties":[{"property_name":"ControlModule","data_type":"string","required":false,"enum_list":null,"min":null,"max":null,"max_length":1000,"step":0,"unit":null,"method":"RW","description":null,"default_value":null},{"property_name":"AutoModule","data_type":"string","required":false,"enum_list":null,"min":null,"max":null,"max_length":1000,"step":0,"unit":null,"method":"RW","description":null,"default_value":null},{"property_name":"HumanModule","data_type":"string","required":false,"enum_list":null,"min":null,"max":null,"max_length":1000,"step":0,"unit":null,"method":"RW","description":null,"default_value":null},{"property_name":"AutoModuleRLedTC","data_type":"int","required":false,"enum_list":null,"min":"0","max":"65535","max_length":0,"step":0,"unit":"","method":"R","description":null,"default_value":null},{"property_name":"AutoModuleYLedTC","data_type":"int","required":false,"enum_list":null,"min":"0","max":"65535","max_length":0,"step":0,"unit":"","method":"R","description":null,"default_value":null},{"property_name":"AutoModuleGLedTC","data_type":"int","required":false,"enum_list":null,"min":"0","max":"65535","max_length":0,"step":0,"unit":"","method":"R","description":null,"default_value":null},{"property_name":"HumanModuleRLedTC","data_type":"int","required":false,"enum_list":null,"min":"0","max":"65535","max_length":0,"step":0,"unit":"","method":"R","description":null,"default_value":null},{"property_name":"HumanModuleYLedTC","data_type":"int","required":false,"enum_list":null,"min":"0","max":"65535","max_length":0,"step":0,"unit":"","method":"R","description":null,"default_value":null},{"property_name":"HumanModuleGLedTC","data_type":"int","required":false,"enum_list":null,"min":"0","max":"65535","max_length":0,"step":0,"unit":"","method":"R","description":null,"default_value":null}],"commands":[{"command_name":"ControlModule","paras":[{"para_name":"Light","data_type":"string","required":false,"enum_list":null,"min":null,"max":null,"max_length":1000,"step":0,"unit":null,"description":null}],"responses":[{"response_name":"cmdResponses","paras":[{"para_name":"ControlModule","data_type":"string","required":false,"enum_list":null,"min":null,"max":null,"max_length":1000,"step":0,"unit":null,"description":null}]}]},{"command_name":"BeepControl","paras":[{"para_name":"beep","data_type":"string","required":false,"enum_list":null,"min":null,"max":null,"max_length":1000,"step":0,"unit":null,"description":null}],"responses":null}],"events":null,"description":null,"option":"Optional"}]}