{"services":[{"service_id":"CAR_CTRL","service_type":"CAR_ACTION","properties":[{"property_name":"CAR_STATUS","data_type":"int","required":false,"enum_list":null,"min":"0","max":"65535","max_length":0,"step":0,"unit":"","method":"R","description":null,"default_value":null}],"commands":[{"command_name":"GO_FORWARD","paras":[{"para_name":"DURATION","data_type":"int","required":false,"enum_list":null,"min":"0","max":"65535","max_length":0,"step":0,"unit":"","description":null}],"responses":null},{"command_name":"GO_BACK","paras":[{"para_name":"DURATION","data_type":"int","required":false,"enum_list":null,"min":"0","max":"65535","max_length":0,"step":0,"unit":"","description":null}],"responses":null},{"command_name":"TURN_LEFT","paras":[{"para_name":"DURATION","data_type":"int","required":false,"enum_list":null,"min":"0","max":"65535","max_length":0,"step":0,"unit":"","description":null}],"responses":null},{"command_name":"TURN_RIGHT","paras":[{"para_name":"DURATION","data_type":"int","required":false,"enum_list":null,"min":"0","max":"65535","max_length":0,"step":0,"unit":"","description":null}],"responses":null},{"command_name":"STOP","paras":[{"para_name":"DURATION","data_type":"int","required":false,"enum_list":null,"min":"0","max":"65535","max_length":0,"step":0,"unit":"","description":null}],"responses":null},{"command_name":"SPEED_UP","paras":[{"para_name":"DURATION","data_type":"int","required":false,"enum_list":null,"min":"0","max":"65535","max_length":0,"step":0,"unit":"","description":null}],"responses":null},{"command_name":"TRACE_ON","paras":[{"para_name":"DURATION","data_type":"int","required":false,"enum_list":null,"min":"0","max":"65535","max_length":0,"step":0,"unit":"","description":null}],"responses":null},{"command_name":"STEER_ON","paras":null,"responses":null},{"command_name":"CAR_AWAY","paras":[{"para_name":"DURATION","data_type":"int","required":false,"enum_list":null,"min":"0","max":"65535","max_length":0,"step":0,"unit":"","description":null}],"responses":null},{"command_name":"TRACE_FORWARD","paras":[{"para_name":"DURATION","data_type":"int","required":false,"enum_list":null,"min":"0","max":"65535","max_length":0,"step":0,"unit":"","description":null}],"responses":null},{"command_name":"TRAFFIC_LIGHT","paras":[{"para_name":"LIGHT","data_type":"string","required":false,"enum_list":["YELLOW_LIGHT_ON","RED_LIGHT_ON","GREEN_LIGHT_ON"],"min":null,"max":null,"max_length":100,"step":0,"unit":null,"description":null}],"responses":null}],"events":null,"description":"小车状态","option":"Optional"}]}