{"services":[{"serviceId":"TrafficLight","serviceType":"TrafficLight","properties":[{"propertyName":"ControlModule","dataType":"string","required":false,"enumList":null,"min":null,"max":null,"maxLength":1000,"step":0,"unit":null,"method":"RW","description":null,"defaultValue":null},{"propertyName":"AutoModule","dataType":"string","required":false,"enumList":null,"min":null,"max":null,"maxLength":1000,"step":0,"unit":null,"method":"RW","description":null,"defaultValue":null},{"propertyName":"HumanModule","dataType":"string","required":false,"enumList":null,"min":null,"max":null,"maxLength":1000,"step":0,"unit":null,"method":"RW","description":null,"defaultValue":null},{"propertyName":"AutoModuleRLedTC","dataType":"int","required":false,"enumList":null,"min":"0","max":"65535","maxLength":0,"step":0,"unit":"","method":"RW","description":null,"defaultValue":null},{"propertyName":"AutoModuleYLedTC","dataType":"int","required":false,"enumList":null,"min":"0","max":"65535","maxLength":0,"step":0,"unit":"","method":"RW","description":null,"defaultValue":null},{"propertyName":"AutoModuleGLedTC","dataType":"int","required":false,"enumList":null,"min":"0","max":"65535","maxLength":0,"step":0,"unit":"","method":"RW","description":null,"defaultValue":null},{"propertyName":"HumanModuleRledTC","dataType":"int","required":false,"enumList":null,"min":"0","max":"65535","maxLength":0,"step":0,"unit":"","method":"RW","description":null,"defaultValue":null},{"propertyName":"HumanModuleGledTC","dataType":"int","required":false,"enumList":null,"min":"0","max":"65535","maxLength":0,"step":0,"unit":"","method":"RW","description":null,"defaultValue":null},{"propertyName":"HumanModuleYledTC","dataType":"int","required":false,"enumList":null,"min":"0","max":"65535","maxLength":0,"step":0,"unit":"","method":"RW","description":null,"defaultValue":null}],"commands":[{"commandName":"ControlModule","paras":[{"paraName":"Light","dataType":"string","required":false,"enumList":["RED_LED_ON","YELLOW_LED_ON","GREEN_LED_ON"],"min":null,"max":null,"maxLength":1000,"step":0,"unit":null,"description":null}],"responses":[{"responseName":"cmdResponses","paras":[{"paraName":"ControlModule","dataType":"string","required":false,"enumList":null,"min":null,"max":null,"maxLength":1000,"step":0,"unit":null,"description":null}]}]},{"commandName":"BeepControl","paras":[{"paraName":"beep","dataType":"string","required":false,"enumList":["BEEP_ON","BEEP_OFF"],"min":null,"max":null,"maxLength":1000,"step":0,"unit":null,"description":null}],"responses":null}],"events":null,"description":null,"option":"Optional"}]}